User_ID,Password,Name,Phone Number,Email_ID,Current Investment
ZTZDVB,623490,Welch Gaspard,521-276-0740,wgaspard0@t.co,661797
EABJZG,160757,Agathe Dupoy,704-224-4346,adupoy1@nih.gov,581931
MHNFAB,172700,Lotta MacGruer,611-128-7357,lmacgruer2@ameblo.jp,254641
LDQVTE,815776,Leodora Button,653-839-3036,lbutton3@gizmodo.com,478112
TDLTMF,095365,Danice Seal,806-346-5224,dseal4@g.co,58158
IGKADC,126682,Sylvan Rielly,500-919-9004,srielly5@topsy.com,837603
YJVDPZ,151483,Morena Izakoff,700-364-7075,mizakoff6@netlog.com,929393
RRSDOR,520425,Errick Arminger,642-335-2134,earminger7@loc.gov,628647
KLDCOS,228061,Nolly Zorzutti,909-522-8636,nzorzutti8@wufoo.com,179139
ZVQDCZ,179288,Kara Croci,578-366-7612,kcroci9@hatena.ne.jp,310181
VYTNXX,874481,Decca Moine,583-574-4825,dmoinea@intel.com,398796
IKKJOF,871952,Nobie Charter,352-334-6885,ncharterb@cnbc.com,401555
WPZICL,505246,Weider Minerdo,924-507-3846,wminerdoc@mashable.com,396105
ZZEOQO,232667,Barnard MacPeake,801-390-2214,bmacpeaked@virginia.edu,292869
QJGAKT,988203,Aida Suller,283-104-3136,asullere@reuters.com,137838
LIAOMC,075403,Allys Fincham,151-355-6965,afinchamf@joomla.org,290247
PSPSYZ,279425,Ferris Abrahami,776-274-2524,fabrahamig@irs.gov,204187
ARHVMF,554193,Kendre Duignan,956-551-8769,kduignanh@ucoz.com,534674
VRBMHQ,549048,Inglebert Lackham,600-571-4533,ilackhami@nasa.gov,533381
WLQWRR,795851,Lissa Tabbitt,687-291-6386,ltabbittj@google.nl,162103
ACGBKD,956927,Krysta Vondrach,645-782-8068,kvondrachk@ning.com,128990
JEUSOS,182047,Matt Cawthorne,318-922-0716,mcawthornel@statcounter.com,961173
LVDPQX,518022,Shawn Bowdler,441-499-9064,sbowdlerm@merriam-webster.com,452594
GIXUUX,430136,Verna Sleep,818-680-9723,vsleepn@infoseek.co.jp,683950
XWMGXB,263875,Zorana Rutigliano,531-724-6123,zrutiglianoo@cyberchimps.com,972627
QBEDRN,514245,Kaleb Roskams,232-155-9441,kroskamsp@amazon.co.uk,194966
FIACMW,495576,Papageno Ortas,855-557-0847,portasq@naver.com,426986
DXASHD,048808,Sal Hartfield,667-968-4404,shartfieldr@soup.io,321071
SYFXRT,032391,Pyotr Safhill,969-447-3333,psafhills@themeforest.net,356228
KXJHJA,682063,Abbie Baudinelli,819-919-6448,abaudinellit@dot.gov,589977
GYTOGA,444033,Ludovika Tonsley,862-156-5178,ltonsleyu@tumblr.com,642225
YSBOGE,652013,Zelig Squire,139-909-8481,zsquirev@merriam-webster.com,335797
QHSQKX,576717,Rea Warrier,731-358-9272,rwarrierw@hibu.com,960500
NAYAWW,495603,Cam Pilipets,260-143-8843,cpilipetsx@dailymail.co.uk,459108
OILRQM,514600,Boot Paff,202-823-4339,bpaffy@google.es,727793
SKAOKL,549825,Barris Jump,247-640-0784,bjumpz@umn.edu,911843
LHOLDN,451993,Tersina Cosin,499-522-1675,tcosin10@weebly.com,517990
VKUSOB,365164,Odey Reeve,210-174-4119,oreeve11@nbcnews.com,148008
MVUPRO,132090,Karla Vittel,236-755-7315,kvittel12@amazon.co.uk,137701
BLGMAH,764182,Thomasina Vennart,745-579-6887,tvennart13@opera.com,396207
ZDWRPA,796408,Malvin Gynn,873-508-6021,mgynn14@shinystat.com,744125
QYGJPA,369555,Blair Braganza,968-288-5887,bbraganza15@plala.or.jp,728202
PIHVSH,586619,Sigrid Sampson,385-623-8350,ssampson16@weibo.com,636692
NPNFJT,222242,Elisha Poncet,844-205-5797,eponcet17@wiley.com,397932
FLKQSZ,773803,Devora Yakuntzov,799-479-1680,dyakuntzov18@seattletimes.com,777931
HSIWOY,515867,Trevar Hassen,563-797-1614,thassen19@a8.net,891592
UYCBUG,789566,Keslie Levet,237-417-0004,klevet1a@ucoz.ru,525845
ZTONRQ,294743,Kleon Hogbourne,798-208-0796,khogbourne1b@cbc.ca,424003
WISJIT,779971,Andree Chilvers,640-611-2420,achilvers1c@webs.com,483014
OGUBEK,288140,Pattie Dienes,195-865-0569,pdienes1d@furl.net,622467
